recording_id,species_id,songtype_id,t_min,f_min,t_max,f_max
003bec244,14,1,44.544,2531.25,45.1307,5531.25
006ab765f,23,1,39.9615,7235.16,46.0452,11283.4
007f87ba2,12,1,39.136,562.5,42.272,3281.25
0099c367b,17,4,51.4206,1464.26,55.1996,4565.04
009b760e6,10,1,50.0854,947.461,52.5293,10852.7
00b404881,8,1,0.0747,3750.0,4.1973,5531.25
00d442df7,0,1,19.3653,5906.25,20.16,8250.0
011f25080,18,1,5.6853,3187.5,6.3787,5062.5
015113cad,15,1,50.0533,93.75,53.3973,1125.0
0151b7d20,1,1,46.032,3843.75,46.928,5625.0
01b41f92b,6,1,44.24,562.5,46.384,4406.25
0201197ec,10,1,43.3575,947.461,45.8014,10852.7
0209f7ab2,7,1,50.7573,4687.5,53.8987,11437.5
0268057eb,0,1,25.4987,5906.25,26.2933,8250.0
0275e127d,11,1,11.9989,1808.79,13.1367,5684.77
0295e3234,11,1,5.1606,1808.79,6.2984,5684.77
0297d886e,13,1,57.808,93.75,58.432,843.75
02b9a8ab9,12,1,33.9093,562.5,37.0453,3281.25
0313e82cf,16,4,21.472,3093.75,23.3067,4593.75
03b96f209,16,4,30.9333,3093.75,32.768,4593.75
03b96f209,16,4,49.632,3093.75,51.4667,4593.75
03d77fede,0,1,44.4107,5906.25,45.2053,8250.0
043356ff8,18,1,0.1227,3187.5,0.816,5062.5
04975ecd8,19,1,54.384,281.25,55.936,2812.5
04d6b1fc1,17,4,4.7307,1406.25,7.3387,3937.5
04e70a8e3,7,1,23.5947,4687.5,26.736,11437.5
0509303a5,6,1,23.7013,562.5,25.8453,4406.25
050d0ca85,3,1,49.92,1031.25,50.6613,2812.5
053aeb7bd,23,4,9.8569,6459.96,17.7807,11627.9
053aeb7bd,23,4,0.952,6459.96,8.8758,11627.9
055088446,14,1,58.992,3750.0,59.264,6468.75
055d22517,10,1,47.5835,947.461,50.0274,10852.7
057802c25,11,1,4.2202,1808.79,5.358,5684.77
05b9c974c,2,1,31.984,468.75,33.76,3000.0
05f8c0f2f,4,1,26.5867,2343.75,28.4427,4218.75
067f49f8b,0,1,53.296,5906.25,54.0907,8250.0
068f1b8e2,12,1,22.864,562.5,26.0,3281.25
06a0c48c9,0,1,57.2213,5906.25,58.016,8250.0
06c44d203,3,1,1.28,1031.25,2.0213,2812.5
073e4d908,12,1,12.496,562.5,15.632,3281.25
078788674,15,1,41.36,93.75,44.704,1125.0
07d1687e0,8,1,0.064,3750.0,4.1867,5531.25
07dcf40f7,10,1,27.237,947.461,29.6809,10852.7
07f1227b0,1,1,32.9387,3843.75,33.8347,5625.0
08db743d0,16,4,38.3787,3093.75,40.2133,4593.75
090ae427d,7,1,26.1387,4687.5,29.28,11437.5
09315d9bf,22,1,49.696,10687.5,51.3013,13687.5
0968aea09,12,1,5.7707,562.5,8.9067,3281.25
09a946316,23,1,50.4744,7235.16,56.558,11283.4
0a350d11c,19,1,11.5253,281.25,13.0773,2812.5
0a9cdd8a5,7,1,22.2827,4687.5,25.424,11437.5
0ab6aa734,9,1,49.4773,843.75,53.04,5718.75
0b2fa3f80,12,1,3.0133,562.5,6.1493,3281.25
0b3ef9c4e,6,1,44.3733,562.5,46.5173,4406.25
0c2124550,21,1,18.2293,3281.25,19.3227,4125.0
0c448e77c,17,4,36.2638,1464.26,40.0428,4565.04
0c48ed342,17,1,50.032,1312.5,56.4853,3937.5
0c936a1d4,17,4,48.2453,1406.25,50.8533,3937.5
0cb4632d6,13,1,47.1467,93.75,47.7707,843.75
0d25045a9,1,1,47.2693,3843.75,48.1653,5625.0
0e034f968,2,1,1.8933,468.75,3.6693,3000.0
0e29d05ed,15,1,31.936,93.75,35.28,1125.0
0e2e4ac19,2,1,44.56,468.75,46.336,3000.0
0e799da44,18,1,24.6027,3187.5,25.296,5062.5
0ea8ea68a,0,1,3.8027,5906.25,4.5973,8250.0
0eb2079ea,3,1,5.5893,1031.25,6.3307,2812.5
0f8cadb4a,13,1,34.4907,93.75,35.1147,843.75
0f99800b7,11,1,27.417,1808.79,28.5547,5684.77
0fc62dd3c,18,1,9.6427,3187.5,10.336,5062.5
100e4ddc9,2,1,1.2853,468.75,3.0613,3000.0
103db6411,20,1,22.3573,1312.5,27.7387,6093.75
10dae79ed,18,1,30.192,3187.5,30.8853,5062.5
119b154cc,15,1,3.7813,93.75,7.1253,1125.0
11a52d37a,18,1,46.0693,3187.5,46.7627,5062.5
11bafff5d,23,1,22.6278,7235.16,28.7115,11283.4
11c2c02e5,15,1,17.6587,93.75,21.0027,1125.0
11c2c02e5,15,1,14.8427,93.75,18.1867,1125.0
1263c23c8,17,1,38.9013,1312.5,45.3547,3937.5
12a12f0fa,8,1,31.504,3750.0,35.6267,5531.25
12ec1d4cb,9,1,24.112,1125.0,26.9173,5250.0
133001416,3,1,14.88,1031.25,15.6213,2812.5
13511f7bd,1,1,8.256,3843.75,9.152,5625.0
1375a05d1,21,1,28.1493,3281.25,29.2427,4125.0
1383208d3,10,1,50.4744,947.461,52.9183,10852.7
13c678c1d,1,1,0.864,3843.75,1.76,5625.0
13de5cabb,11,1,57.3359,1808.79,58.4737,5684.77
13f64f898,1,1,35.4613,3843.75,36.3573,5625.0
1414bbe17,14,1,14.6453,3750.0,14.9173,6468.75
141675c80,1,1,54.6933,3843.75,55.5893,5625.0
147b41b13,7,1,35.4133,4687.5,38.5547,11437.5
14948ff80,13,1,44.5013,93.75,45.1253,843.75
14d467153,8,1,0.3733,3750.0,4.496,5531.25
14dc5a39e,13,1,50.5067,93.75,51.1307,843.75
14f6cbe5c,3,1,53.6,1031.25,54.3413,2812.5
1504619b7,18,1,44.512,3187.5,45.2053,5062.5
1520a52ef,13,1,6.496,93.75,7.12,843.75
1535d0c9b,9,1,4.6507,843.75,8.2133,5718.75
1545e29b3,19,1,0.1387,281.25,1.6907,2812.5
156b77dfe,1,1,37.36,3843.75,38.256,5625.0
157a50231,0,1,35.7867,5906.25,36.5813,8250.0
158c5acb6,16,4,18.8427,3093.75,20.6773,4593.75
15d9e6d8b,18,1,36.6453,3187.5,37.3387,5062.5
160add406,23,4,18.6805,6459.96,26.6043,11627.9
160add406,23,4,3.0534,6459.96,10.9772,11627.9
160b70831,2,1,1.9413,468.75,3.7173,3000.0
163e86660,3,1,58.064,1031.25,58.8053,2812.5
16553d5cd,23,4,28.7405,6459.96,36.6643,11627.9
16553d5cd,23,4,41.7088,6459.96,49.6327,11627.9
1679e323d,14,1,8.6773,2531.25,9.264,5531.25
16ccddf71,14,1,51.8773,2812.5,52.8,4406.25
16fc37168,1,1,29.36,3843.75,30.256,5625.0
16ffcf223,14,1,16.9973,2812.5,17.92,4406.25
1702d35a0,22,1,28.2453,10687.5,29.8507,13687.5
178b835e3,20,1,36.6453,2343.75,40.0853,5718.75
178b835e3,16,4,21.2267,3093.75,23.0613,4593.75
178b835e3,16,4,4.256,3093.75,6.0907,4593.75
1795728ba,5,1,39.568,4781.25,41.92,10406.2
17ca62c97,4,1,32.9173,2343.75,34.7733,4218.75
17ca96791,16,4,13.632,3093.75,15.4667,4593.75
180ba3012,6,1,48.352,562.5,50.496,4406.25
184322f0e,22,1,54.8,10687.5,56.4053,13687.5
1856bb5c2,22,1,36.4533,10687.5,38.0587,13687.5
18c47b7f2,8,1,32.544,3750.0,36.6667,5531.25
18df43462,5,1,46.8373,4781.25,49.1893,10406.2
18e249f36,7,1,28.8747,4687.5,32.016,11437.5
19442bf58,12,1,1.4933,562.5,4.6293,3281.25
195e5ba43,19,1,25.184,281.25,26.736,2812.5
19dfeda02,6,1,16.0693,562.5,18.2133,4406.25
1a3993962,16,4,48.144,3093.75,49.9787,4593.75
1a5fb3223,7,1,56.7893,4687.5,59.9307,11437.5
1aa00dc63,23,4,41.2328,6459.96,49.1566,11627.9
1aa00dc63,12,1,19.7867,562.5,22.9227,3281.25
1aef4f8ff,14,1,47.152,2531.25,47.7387,5531.25
1b77382c7,14,1,32.1493,3750.0,32.4213,6468.75
1ba9ee79a,1,1,5.9467,3843.75,6.8427,5625.0
1bc8c196e,22,1,4.5973,10687.5,6.2027,13687.5
1bd29a4bb,10,1,42.7886,947.461,45.2325,10852.7
1c46aa776,6,1,30.7307,562.5,32.8747,4406.25
1ca8c8af6,12,1,0.6827,562.5,3.8187,3281.25
1d6371ff5,6,1,40.5493,562.5,42.6933,4406.25
1d76cb226,21,1,49.712,3281.25,50.8053,4125.0
1d949c49d,15,1,33.6427,93.75,36.9867,1125.0
1e05620be,12,1,38.4587,562.5,41.5947,3281.25
1e0e340e1,6,1,44.0533,562.5,46.1973,4406.25
1e469c124,15,1,28.1493,93.75,31.4933,1125.0
1eb2a9113,7,1,28.4693,4687.5,31.6107,11437.5
1ef3e2282,16,4,24.4587,3093.75,26.2933,4593.75
1f0fe1c7e,22,1,30.3733,10687.5,31.9787,13687.5
1f2260885,11,1,7.0531,1808.79,8.1908,5684.77
1f5dd26db,8,1,6.0907,3750.0,10.2133,5531.25
1fb41e1c4,18,1,13.872,3187.5,14.5653,5062.5
1fb94ae60,2,1,48.2453,468.75,50.0213,3000.0
1fbc39373,16,4,34.3947,3093.75,36.2293,4593.75
1fd650183,4,1,35.136,2343.75,36.992,4218.75
1ffa43aae,13,1,29.7067,93.75,30.3307,843.75
200656f13,23,4,35.1086,6459.96,43.0324,11627.9
2026bced7,12,1,49.8987,562.5,53.0347,3281.25
20801bb7d,4,1,1.9093,2343.75,3.7653,4218.75
20be88a43,6,1,12.9653,562.5,14.9867,3187.5
20de9e491,15,1,54.464,93.75,57.808,1125.0
2105bda77,11,1,49.0812,1808.79,50.219,5684.77
215bb7a8d,11,1,41.0006,1808.79,42.1384,5684.77
21c9f1ba3,8,1,11.8347,3750.0,15.9573,5531.25
21e2f2977,15,1,22.384,93.75,25.728,1125.0
21e2f2977,15,1,26.3307,93.75,29.6747,1125.0
22050fe3f,19,1,56.624,281.25,58.176,2812.5
226ce47d9,23,1,36.9371,7235.16,43.0208,11283.4
22a2faf44,13,1,19.232,93.75,19.856,843.75
22b46c334,8,1,12.7787,3750.0,16.9013,5531.25
22bfc5978,5,1,46.6187,4781.25,48.9707,10406.2
22da462f9,1,1,8.816,3843.75,9.712,5625.0
22eaad9ca,22,1,52.4,10687.5,54.0053,13687.5
2319eb4b4,18,1,25.632,3187.5,26.3253,5062.5
2322ec1d3,3,1,59.2533,1031.25,59.9947,2812.5
23363116f,23,1,8.3998,7235.16,14.4834,11283.4
2337c4af2,22,1,14.272,10687.5,15.8773,13687.5
2393b59e0,23,1,31.4688,7235.16,37.5525,11283.4
23adb9473,20,1,51.504,2343.75,54.944,5718.75
247aeccaf,9,1,19.7227,843.75,23.2853,5718.75
247d81f2b,1,1,29.696,3843.75,30.592,5625.0
24aac801a,1,1,46.4,3843.75,47.296,5625.0
251569711,4,1,18.2133,2343.75,20.0693,4218.75
251737ef0,0,1,35.9307,5906.25,36.7253,8250.0
25218b040,8,1,6.2827,3750.0,10.4053,5531.25
25c229018,6,1,6.5013,562.5,8.6453,4406.25
25de8315e,1,1,52.5387,3843.75,53.4347,5625.0
266e8b635,6,1,42.8427,562.5,44.9867,4406.25
2695a2878,23,1,45.3486,7235.16,51.4322,11283.4
2717a930e,8,1,14.176,3750.0,18.2987,5531.25
275a0fc0c,15,1,35.4667,93.75,38.8107,1125.0
27b26fe5d,19,1,55.104,281.25,56.656,2812.5
27c146a88,17,4,26.7733,1312.5,29.3067,7406.25
27c78408d,19,1,14.128,281.25,15.68,2812.5
281865590,0,1,48.0587,5906.25,48.8533,8250.0
287bf77ec,2,1,12.1813,468.75,13.9573,3000.0
287bf77ec,2,1,8.832,468.75,10.608,3000.0
288e5d13f,3,1,14.3893,1031.25,15.1307,2812.5
28d37d1de,22,1,35.8347,10687.5,37.44,13687.5
28fd95f7f,11,1,24.8802,1808.79,26.018,5684.77
29127020a,3,1,25.12,1031.25,25.8613,2812.5
295f49a04,10,1,38.0401,947.461,40.484,10852.7
29b82a129,19,1,48.9333,281.25,50.4853,2812.5
2a1bb0557,14,1,3.696,3750.0,3.968,6468.75
2a3c1f921,0,1,46.8587,5906.25,47.6533,8250.0
2a69408f6,5,1,41.376,4781.25,43.728,10406.2
2a7ed55d4,5,1,7.3013,4781.25,9.6533,10406.2
2a94d4b86,23,1,24.1488,7235.16,30.2324,11283.4
2b9c8d234,8,1,37.5413,3750.0,41.664,5531.25
2bb539997,7,1,26.0907,4687.5,29.232,11437.5
2bcddf9a5,3,1,20.976,1031.25,21.7173,2812.5
2bcddf9a5,5,1,16.4693,4781.25,18.8213,10406.2
2bf32cf03,8,1,21.0347,3750.0,25.1573,5531.25
2c2127b9e,5,1,9.808,4781.25,12.16,10406.2
2c6ba715f,21,1,43.696,3281.25,44.7893,4125.0
2c97a8020,17,1,44.9547,1312.5,51.408,3937.5
2cd094d21,12,1,51.2107,562.5,54.3467,3281.25
2cd09cfab,11,1,57.3939,1808.79,58.5317,5684.77
2ce34e1b6,16,4,55.296,3093.75,57.1307,4593.75
2cf89ef6b,1,1,24.0,3843.75,24.896,5625.0
2d09eb065,19,1,45.5627,281.25,47.1147,2812.5
2d09eb065,15,1,7.008,93.75,10.352,1125.0
2d50db2b1,11,1,0.8707,1808.79,2.0085,5684.77
2dacf9479,21,1,48.688,3281.25,49.7813,4125.0
2dc763e67,2,1,15.7707,468.75,17.5467,3000.0
2dc763e67,2,1,26.1493,468.75,27.9253,3000.0
2dc763e67,2,1,6.2987,468.75,8.0747,3000.0
2df1f109b,13,1,8.0267,93.75,8.6507,843.75
2e40b2294,0,1,56.7307,5906.25,58.0213,7500.0
2e6758f3e,9,1,51.4507,1125.0,54.256,5250.0
2e698aba5,23,4,4.0229,6459.96,11.9467,11627.9
2e7bc0749,22,1,23.9093,10687.5,25.5147,13687.5
2eb098e76,3,1,28.5547,1031.25,29.296,2812.5
2eb098e76,2,1,20.8693,468.75,22.6453,3000.0
2eb098e76,2,1,24.9653,468.75,26.7413,3000.0
2ec1b3167,13,1,56.9973,93.75,57.6213,843.75
2ed5af143,4,1,57.792,2343.75,59.648,4218.75
2ef429016,4,1,38.7787,2343.75,40.6347,4218.75
2f40810b2,16,4,45.9573,3093.75,47.792,4593.75
2f594b20f,15,1,40.0427,93.75,43.3867,1125.0
2fc2eca0c,9,1,52.9333,1125.0,55.7387,5250.0
2febbdfc5,15,1,15.4613,93.75,18.8053,1125.0
2ffaa6c02,15,1,53.3173,93.75,56.6613,1125.0
304141997,1,1,40.0693,3843.75,40.9653,5625.0
304b4b5fd,21,1,0.9013,3281.25,1.9947,4125.0
3051fc9d0,15,1,38.0693,93.75,41.4133,1125.0
305ff00d1,14,1,49.856,3750.0,50.128,6468.75
306f98294,19,1,10.2933,281.25,11.8453,2812.5
30cd416ed,13,1,46.6773,93.75,47.3013,843.75
31259d9d5,0,1,24.496,5906.25,25.7867,7500.0
321c09a90,20,1,56.1333,2343.75,59.5733,5718.75
32278292a,3,1,27.3067,1031.25,28.048,2812.5
3296a3827,6,1,55.328,562.5,57.3493,3187.5
3346f84ee,11,1,36.0548,1808.79,37.1926,5684.77
33d0f2685,16,4,37.936,3093.75,39.7707,4593.75
33d0f2685,16,4,55.984,3093.75,57.8187,4593.75
340c7f964,15,1,53.8347,93.75,57.1787,1125.0
34340b225,23,4,15.865,6459.96,23.7888,11627.9
34340b225,5,1,39.872,4781.25,42.224,10406.2
3458e20b8,10,1,10.4432,947.461,12.8871,10852.7
349095631,0,1,28.432,5906.25,29.2267,8250.0
349095631,9,1,16.2293,843.75,19.792,5718.75
3508bf762,22,1,17.8027,10687.5,19.408,13687.5
3513db2b8,21,1,23.8827,3281.25,24.976,4125.0
352056163,13,1,32.8587,93.75,33.4827,843.75
352bc8d36,21,1,2.256,3281.25,3.3493,4125.0
35675af70,23,1,53.1389,7235.16,59.2225,11283.4
356b93991,18,1,7.4667,3187.5,8.16,5062.5
35844fa7f,6,1,20.4,562.5,22.544,4406.25
35a7c2277,22,1,16.3307,10687.5,17.936,13687.5
35b60a4a0,13,1,14.0747,93.75,14.6987,843.75
35f9c5c38,5,1,38.1227,4781.25,40.4747,10406.2
3647cd276,15,1,54.832,93.75,58.176,1125.0
364e9b5e7,16,4,28.3147,3093.75,30.1493,4593.75
368be0579,3,1,55.232,1031.25,55.9733,2812.5
3710abba6,0,1,49.2373,5906.25,50.528,7500.0
373f470c4,11,1,5.7469,1808.79,6.8847,5684.77
376a0a779,18,1,51.8667,3187.5,52.56,5062.5
377e04f82,11,1,28.1019,1808.79,29.2397,5684.77
37b6d1db9,23,1,43.3981,7235.16,49.4817,11283.4
37d16f30f,10,1,33.0536,947.461,35.4975,10852.7
3853bba8e,9,1,2.112,843.75,5.6747,5718.75
398e818ec,11,1,13.3631,1808.79,14.5009,5684.77
399e17911,4,1,17.6373,2343.75,19.4933,4218.75
39aa6482e,4,1,16.7413,2531.25,18.928,4031.25
39c15e092,10,1,47.1307,947.461,49.5746,10852.7
3a1293df5,2,1,31.0453,468.75,32.8213,3000.0
3a2afcf76,18,1,27.232,3187.5,27.9253,5062.5
3aa730d19,5,1,11.5307,4781.25,13.8827,10406.2
3ac6f246a,5,1,4.2987,4781.25,6.6507,10406.2
3b0e345fc,9,1,51.8027,843.75,55.3653,5718.75
3bb222791,11,1,1.1552,1808.79,2.293,5684.77
3c443fa6e,8,1,54.3147,3750.0,58.4373,5531.25
3c4cf66fd,13,1,39.9573,93.75,40.5813,843.75
3c621e663,17,1,20.5973,1312.5,27.0507,3937.5
3c621e663,17,1,2.8053,1312.5,9.2587,3937.5
3c621e663,17,1,49.792,1312.5,56.2453,3937.5
3ca3a1b6a,21,1,21.3547,3281.25,22.448,4125.0
3d28b6a6b,22,1,47.4613,10687.5,49.0667,13687.5
3d2b1c860,21,1,47.4773,3281.25,48.5707,4125.0
3dc230571,21,1,19.9893,3281.25,21.0827,4125.0
3ebc2aebe,15,1,27.024,93.75,30.368,1125.0
3f3c49ad2,10,1,16.4339,947.461,18.8778,10852.7
3f48c15dc,10,1,39.0327,947.461,41.4766,10852.7
3f5f4aa9a,12,1,23.584,562.5,26.72,3281.25
3f5fa0d76,23,1,46.3644,7235.16,52.4481,11283.4
3f88e7718,10,1,8.2953,947.461,10.7392,10852.7
3fa666880,22,1,55.5733,10687.5,57.1787,13687.5
3fcca1372,17,1,38.576,1312.5,45.0293,3937.5
3ffaeaa6c,15,1,48.2453,93.75,51.5893,1125.0
400b7210c,17,1,44.4,1312.5,50.8533,3937.5
400b7210c,17,1,48.448,1312.5,54.9013,3937.5
400b7210c,19,1,46.624,281.25,48.176,2812.5
400b7210c,17,1,35.904,1312.5,42.3573,3937.5
408314767,20,1,49.3653,1312.5,54.7467,6093.75
408fcd1dc,23,4,48.0537,6459.96,55.9775,11627.9
415cf2484,7,1,56.816,4687.5,59.9573,11437.5
41829d963,2,1,4.2933,468.75,6.0693,3000.0
41829d963,2,1,0.656,468.75,2.432,3000.0
419259ac2,13,1,54.496,93.75,55.12,843.75
41e6d9f63,16,4,0.9067,3093.75,2.7413,4593.75
420aeb3ea,11,1,57.7306,1808.79,58.8684,5684.77
422de4e4d,21,1,42.3413,3281.25,43.4347,4125.0
426c11508,5,1,22.112,4781.25,24.464,10406.2
42a7c4f08,14,1,30.5493,2812.5,31.472,4406.25
42ea7a091,18,1,34.9653,3187.5,35.6587,5062.5
42f4b8b64,14,1,3.184,2812.5,4.1067,4406.25
4373930a5,13,1,45.584,93.75,46.208,843.75
438c12dbc,7,1,19.5467,4687.5,22.688,11437.5
43b27b5ab,18,1,23.4987,3187.5,24.192,5062.5
43d34d63c,15,1,42.5707,93.75,45.9147,1125.0
43d34d63c,2,1,9.9627,468.75,11.7387,3000.0
441707582,16,4,19.568,3093.75,21.4027,4593.75
447409a6b,0,1,25.872,5906.25,26.6667,8250.0
4482bd512,12,1,29.5947,562.5,32.7307,3281.25
44c8b5c73,12,1,0.704,562.5,3.84,3281.25
459513f88,8,1,51.9413,3750.0,56.064,5531.25
45c356538,0,1,50.112,5906.25,50.9067,8250.0
45e58e08b,14,1,37.9307,2812.5,38.8533,4406.25
45eabd218,23,1,23.4464,7235.16,29.53,11283.4
4621de448,23,1,21.1244,7235.16,27.208,11283.4
4696db75c,11,1,49.2495,1808.79,50.3873,5684.77
46c7db806,14,1,49.472,2812.5,50.3947,4406.25
471bb3a84,12,1,28.0373,562.5,31.1733,3281.25
471df4911,11,1,46.8695,1808.79,48.0073,5684.77
473cac467,11,1,9.0268,1808.79,10.1645,5684.77
477119234,6,1,20.9387,562.5,22.96,3187.5
477e497db,4,1,49.728,2343.75,51.584,4218.75
47f2eb3b8,14,1,8.5707,2812.5,9.4933,4406.25
4874059ad,21,1,58.1013,3281.25,59.1947,4125.0
489ecb611,3,1,33.8187,1031.25,34.56,2812.5
48a77f450,22,1,52.3573,10687.5,53.9627,13687.5
48b7f6cde,1,1,12.3147,3843.75,13.2107,5625.0
48ceeeb96,23,4,28.7231,6459.96,36.6469,11627.9
48fb5143f,20,1,24.4107,2343.75,27.8507,5718.75
48fb5143f,20,1,28.64,2343.75,32.08,5718.75
49b80ec61,16,4,24.2667,3093.75,26.1013,4593.75
49fbbb4ca,5,1,17.3387,4781.25,19.6907,10406.2
4a0ca83ec,9,1,20.832,1125.0,23.6373,5250.0
4a7fe1b31,17,1,49.456,1312.5,55.9093,3937.5
4afa51495,10,1,49.4991,947.461,51.943,10852.7
4b3e0b984,0,1,0.8747,5906.25,2.1653,7500.0
4b406a1bc,4,1,10.7627,2343.75,12.6187,4218.75
4b4c2901c,20,1,46.5493,1312.5,51.9307,6093.75
4b7da2fb5,7,1,11.36,4687.5,14.5013,11437.5
4bb31c8c1,6,1,45.2213,562.5,47.3653,4406.25
4bb6b8a81,18,1,36.4053,3187.5,37.0987,5062.5
4bc00de61,23,1,23.1097,7235.16,29.1933,11283.4
4c010ec47,5,1,35.2053,4781.25,37.5573,10406.2
4c840ed89,7,1,32.848,4687.5,35.9893,11437.5
4c845907b,12,1,40.368,562.5,43.504,3281.25
4d54e38a8,12,1,45.9893,562.5,49.1253,3281.25
4df50c66e,17,1,4.4853,1312.5,10.9387,3937.5
4e2898673,1,1,10.3893,3843.75,11.2853,5625.0
4e464ff6b,6,1,48.6613,562.5,50.8053,4406.25
4e4bc17a7,7,1,2.3947,4687.5,5.536,11437.5
4e5702ed7,16,4,21.824,3093.75,23.6587,4593.75
4e90ab2fb,4,1,53.0027,2343.75,54.8587,4218.75
4e91c87cc,0,1,39.0773,5906.25,39.872,8250.0
4ef096b89,23,4,12.4981,6459.96,20.4219,11627.9
4f600e6f7,11,1,40.8613,1808.79,41.9991,5684.77
4f6e4f097,10,1,20.4161,947.461,22.86,10852.7
4fae9a4ea,13,1,28.7147,93.75,29.3387,843.75
4fb946872,6,1,4.016,562.5,6.16,4406.25
50b93a173,19,1,20.8853,281.25,22.4373,2812.5
50f616a04,0,1,45.0453,5906.25,45.84,8250.0
512c1ac7e,0,1,8.8907,5906.25,9.6853,8250.0
51319c540,10,1,5.0213,947.461,7.4652,10852.7
515861db9,12,1,37.7707,562.5,40.9067,3281.25
51cb253b0,7,1,45.9627,4687.5,49.104,11437.5
51f69a454,23,1,4.3886,7235.16,10.4722,11283.4
5280a7fe9,3,1,46.48,1031.25,47.2213,2812.5
5281fc845,16,4,7.6213,3093.75,9.456,4593.75
52cec3943,13,1,54.0267,93.75,57.8987,1406.25
533ae3f85,18,1,31.9573,3187.5,32.6507,5062.5
534b6a4a0,3,1,8.8747,1031.25,9.616,2812.5
534db172e,19,1,36.4427,281.25,37.9947,2812.5
534db172e,19,1,34.1013,281.25,35.6533,2812.5
53e4f09ab,8,1,19.8507,3750.0,23.9733,5531.25
5407d8c89,8,1,23.9307,3750.0,28.0533,5531.25
541550e6c,3,1,30.416,1031.25,31.1573,2812.5
54399c91c,18,1,53.776,3187.5,54.4693,5062.5
5493f3b1a,22,1,12.1813,10687.5,13.7867,13687.5
551385b05,23,4,44.4372,6459.96,52.361,11627.9
551385b05,11,1,33.9534,1808.79,35.0912,5684.77
55228e5c5,16,4,24.544,3093.75,26.3787,4593.75
55648ef63,14,1,53.8773,2812.5,54.8,4406.25
556cb3c93,21,1,53.2373,3281.25,54.3307,4125.0
557506b62,7,1,39.2213,4687.5,42.3627,11437.5
55b2b19d1,23,4,48.5355,6459.96,56.4593,11627.9
55b2b19d1,23,4,32.8156,6459.96,40.7394,11627.9
55dca9c85,23,1,9.8975,7235.16,15.9811,11283.4
55e48150a,11,1,32.119,1808.79,33.2568,5684.77
5609ef334,19,1,52.016,281.25,53.568,2812.5
560ccf19c,0,1,15.392,5906.25,16.1867,8250.0
561ed4362,14,1,0.08,2531.25,0.6667,5531.25
561ed4362,7,1,0.3307,4687.5,3.472,11437.5
5635d4cbe,21,1,24.112,3281.25,25.2053,4125.0
5673135ca,23,4,17.1131,6459.96,25.0369,11627.9
568f644e1,7,1,23.9467,4687.5,27.088,11437.5
56d22a5b3,18,1,15.0347,3187.5,15.728,5062.5
56e311030,8,1,4.7413,3750.0,8.864,5531.25
56ff074df,1,1,2.7093,3843.75,3.6053,5625.0
5723a520c,12,1,10.1973,562.5,13.3333,3281.25
579bcf9e0,11,1,20.1839,1808.79,21.3217,5684.77
579db058c,0,1,36.2293,5906.25,37.52,7500.0
57b4ff4be,7,1,27.424,4687.5,30.5653,11437.5
57de62a79,23,1,13.1251,7235.16,19.2087,11283.4
57ff372f3,0,1,33.5467,5906.25,34.3413,8250.0
5816c1336,16,4,4.864,3093.75,6.6987,4593.75
581d07559,3,1,9.4293,1031.25,10.1707,2812.5
582d6efec,8,1,47.3333,3750.0,51.456,5531.25
5840c2d77,7,1,44.624,4687.5,47.7653,11437.5
5857d6f6d,1,1,17.2907,3843.75,18.1867,5625.0
5877cea08,3,1,53.0773,1031.25,53.8187,2812.5
58b6b8a47,21,1,53.312,3281.25,54.4053,4125.0
58b92fcdc,5,1,15.824,4781.25,18.176,10406.2
590163609,5,1,0.0267,4781.25,2.3787,10406.2
596463649,9,1,2.384,843.75,5.9467,5718.75
5977f6b4c,1,1,16.3467,3843.75,17.2427,5625.0
599b19a33,15,1,53.8773,93.75,57.2213,1125.0
59a9eb657,23,4,43.4445,6459.96,51.3683,11627.9
59a9eb657,23,4,48.4484,6459.96,56.3722,11627.9
59ce91d00,16,4,0.864,3093.75,2.6987,4593.75
59e549ee2,5,1,49.632,4781.25,51.984,10406.2
5a2185b19,20,1,6.4853,2343.75,9.9253,5718.75
5a3f09a5c,10,1,44.2166,947.461,46.6605,10852.7
5a55970ad,17,1,19.9787,1312.5,26.432,3937.5
5a7cc4e44,17,4,49.9147,1406.25,52.5227,3937.5
5a8a2b155,18,1,33.8347,3187.5,34.528,5062.5
5ac6b1e85,6,1,50.0053,562.5,52.1493,4406.25
5b1e3b55b,17,1,6.7627,1312.5,13.216,3937.5
5b1e3b55b,17,1,2.8,1312.5,9.2533,3937.5
5b219bb1c,12,1,0.56,562.5,3.696,3281.25
5b5218aba,11,1,50.7066,1808.79,51.8444,5684.77
5b54af5a2,3,1,20.4213,1031.25,21.1627,2812.5
5b8830884,8,1,32.0213,3750.0,36.144,5531.25
5bf1ac192,23,1,28.8566,7235.16,34.9402,11283.4
5bfe1dec6,17,1,22.352,1312.5,28.8053,3937.5
5bfe1dec6,17,1,37.5733,1312.5,44.0267,3937.5
5bfe1dec6,17,1,32.0747,1312.5,38.528,3937.5
5c1ae8b6f,0,1,55.9147,5906.25,56.7093,8250.0
5c57d8095,15,1,21.5787,93.75,24.9227,1125.0
5c609dbfb,18,1,19.9947,3187.5,20.688,5062.5
5cd1a3c29,12,1,42.7787,562.5,45.9147,3281.25
5d606b7a3,9,1,10.2933,843.75,13.856,5718.75
5d61b5cce,8,1,45.2267,3750.0,49.3493,5531.25
5d7e9091c,9,1,7.4453,843.75,11.008,5718.75
5db2e86fe,7,1,20.6773,4687.5,23.8187,11437.5
5db2e86fe,15,1,18.6293,93.75,21.9733,1125.0
5debe8941,19,1,46.4533,281.25,48.0053,2812.5
5e7e1643e,16,4,3.2427,3093.75,5.0773,4593.75
5e8c07a8e,22,1,21.8667,10687.5,23.472,13687.5
5e8e5d53b,8,1,22.768,3750.0,26.8907,5531.25
5f51598f1,17,1,25.9467,1312.5,32.4,3937.5
5f8eecc9e,23,4,51.0084,6459.96,58.9322,11627.9
5f8eecc9e,9,1,54.944,1125.0,57.7493,5250.0
5f8eecc9e,9,1,48.5547,1125.0,51.36,5250.0
5f8eecc9e,23,4,7.9412,6459.96,15.865,11627.9
5f9157d7b,0,1,58.9333,5906.25,59.728,8250.0
5f9b4785b,1,1,47.9947,3843.75,48.8907,5625.0
5f9b4785b,15,1,16.1333,93.75,19.4773,1125.0
604583528,23,4,51.9314,6459.96,59.8552,11627.9
606f1e495,5,1,12.6613,4781.25,15.0133,10406.2
6093f0100,15,1,2.2453,93.75,5.5893,1125.0
60a493ad4,6,1,40.688,562.5,42.832,4406.25
60b260508,21,1,53.6053,3281.25,54.6987,4125.0
60b260508,8,1,49.7493,3750.0,53.872,5531.25
6102fb9d6,3,1,12.752,1031.25,13.4933,2812.5
61741251f,10,1,16.7996,947.461,19.2435,10852.7
617d4dbbd,12,1,0.672,562.5,3.808,3281.25
619a7af56,15,1,49.7813,93.75,53.1253,1125.0
61d1f5e59,23,4,48.2046,6459.96,56.1284,11627.9
61de2c695,0,1,12.6987,5906.25,13.4933,8250.0
61f1c7d5f,3,1,47.6427,1031.25,48.384,2812.5
621dc03b6,3,1,17.7333,1031.25,18.4747,2812.5
629489592,12,1,2.7893,562.5,5.9253,3281.25
62ff9d03d,17,4,15.312,1406.25,17.92,3937.5
631f97222,11,1,15.1278,1808.79,16.2656,5684.77
6346c01fa,18,1,15.0507,3187.5,15.744,5062.5
6351581d6,3,1,53.5733,1031.25,54.3147,2812.5
63971df42,6,1,9.5787,562.5,11.7227,4406.25
63a82d848,1,1,39.4827,3843.75,40.3787,5625.0
63cc4d598,13,1,38.8107,93.75,39.4347,843.75
64025c7e6,18,1,16.5707,3187.5,17.264,5062.5
644f71ae8,14,1,15.5787,2531.25,16.1653,5531.25
65123f0c1,23,1,3.3901,7235.16,9.4737,11283.4
655ca0adb,17,1,47.1307,1312.5,53.584,3937.5
65971c0e7,16,4,10.016,3093.75,11.8507,4593.75
6666e213d,4,1,1.296,2531.25,3.4827,4031.25
670a35128,20,1,43.8613,2343.75,47.3013,5718.75
67763b1b9,18,1,18.6933,3187.5,19.3867,5062.5
682657006,13,1,15.3173,93.75,15.9413,843.75
6838dc4f9,10,1,33.4832,947.461,35.9271,10852.7
687733bf1,3,1,11.9307,1031.25,12.672,2812.5
689b160fc,13,1,29.3707,93.75,29.9947,843.75
68d182a12,21,1,4.8107,3281.25,5.904,4125.0
68f7d8362,22,1,38.384,10687.5,39.9893,13687.5
690168015,6,1,38.8053,562.5,40.9493,4406.25
69173294f,22,1,40.3467,10687.5,41.952,13687.5
697f7210b,8,1,2.9653,3750.0,7.088,5531.25
69aacafc4,20,1,39.824,2343.75,43.264,5718.75
69aacafc4,20,1,43.0347,2343.75,46.4747,5718.75
69c09e886,4,1,12.528,2343.75,14.384,4218.75
69ea6d76b,19,1,30.9333,281.25,32.4853,2812.5
6a0ac2d09,23,1,15.1568,7235.16,21.2405,11283.4
6a2b677ce,4,1,41.5467,2531.25,43.7333,4031.25
6a6af3c63,2,1,40.304,468.75,42.08,3000.0
6b0891684,0,1,26.2293,5906.25,27.024,8250.0
6b1093628,13,1,37.728,93.75,38.352,843.75
6b891f8f2,7,1,8.6507,4687.5,11.792,11437.5
6b9e3f7c6,21,1,7.6373,3281.25,8.7307,4125.0
6bf2953a8,20,1,33.296,2343.75,36.736,5718.75
6bf2953a8,20,1,19.4613,2343.75,22.9013,5718.75
6c032e356,23,1,51.6586,7235.16,57.7422,11283.4
6c246167d,19,1,3.12,281.25,4.672,2812.5
6c4ce1cf2,3,1,11.4773,1031.25,12.2187,2812.5
6c52da176,7,1,18.16,4687.5,21.3013,11437.5
6c660a505,19,1,51.7707,281.25,53.3227,2812.5
6d5f5e052,19,1,36.9013,281.25,38.4533,2812.5
6d6ba3db7,22,1,42.9547,10687.5,44.56,13687.5
6d93f853d,3,1,47.488,1031.25,48.2293,2812.5
6d93f853d,17,1,10.1173,1312.5,16.5707,3937.5
6e82ee19a,10,1,27.0803,947.461,29.5242,10852.7
6eb03e9ca,7,1,9.7973,4687.5,12.9387,11437.5
6f7eec323,17,4,9.6907,1406.25,12.2987,3937.5
706e6f1e8,12,1,53.0187,562.5,56.1547,3281.25
7080d05d4,23,1,50.4047,7235.16,56.4883,11283.4
70c289aa5,20,1,31.1307,2343.75,34.5707,5718.75
710177a21,15,1,50.2133,93.75,53.5573,1125.0
710537df8,16,4,32.7093,3093.75,34.544,4593.75
711630bd8,18,1,8.896,3187.5,9.5893,5062.5
717780789,6,1,37.808,562.5,39.952,4406.25
71c22a29b,8,1,55.8133,3750.0,59.936,5531.25
71cf9646b,19,1,28.2347,281.25,29.7867,2812.5
71cf9646b,15,1,11.8293,93.75,15.1733,1125.0
71db64300,23,1,19.3074,7235.16,25.391,11283.4
71e134a57,1,1,36.7947,3843.75,37.6907,5625.0
7227068d3,7,1,32.2293,4687.5,35.3707,11437.5
725c5b6f1,8,1,53.2587,3750.0,57.3813,5531.25
7277aa5a8,17,4,55.5307,1406.25,58.1387,3937.5
728459067,10,1,18.7559,947.461,21.1998,10852.7
728459067,10,1,4.2144,947.461,6.6583,10852.7
7295291a7,1,1,5.3173,3843.75,6.2133,5625.0
72a9f19b4,16,4,10.3413,3093.75,12.176,4593.75
72ccf4de7,20,1,36.9813,2343.75,40.4213,5718.75
7341161bd,17,4,13.1425,1464.26,16.9215,4565.04
737d85472,23,4,29.3152,6459.96,37.239,11627.9
738e4dcb5,9,1,53.2747,843.75,56.8373,5718.75
73c4d8db8,17,4,52.0243,1464.26,55.8034,4565.04
73f2ff0fd,3,1,30.8907,1031.25,31.632,2812.5
7403b8dde,4,1,5.1413,2343.75,6.9973,4218.75
7448edc55,1,1,20.16,3843.75,21.056,5625.0
745171bf2,6,1,4.1547,562.5,6.2987,4406.25
7476d961f,16,4,18.48,3093.75,20.3147,4593.75
7478fd629,18,1,37.936,3187.5,38.6293,5062.5
74a117970,20,1,7.4987,1312.5,12.88,6093.75
74c1043c9,14,1,56.0107,2531.25,56.5973,5531.25
74fbde29b,18,1,51.8827,3187.5,52.576,5062.5
750e35881,4,1,51.056,2343.75,52.912,4218.75
755d6c7eb,17,4,14.4427,1406.25,17.0507,3937.5
7583b7c0c,17,4,23.8005,1464.26,27.5795,4565.04
75c8ccce9,14,1,12.592,2531.25,13.1787,5531.25
76b4b3f7f,9,1,55.44,843.75,59.0027,5718.75
76bcc78f1,21,1,1.376,3281.25,2.4693,4125.0
77299bde7,8,1,5.7227,3750.0,9.8453,5531.25
77299bde7,21,1,42.3787,3281.25,43.472,4125.0
772bd1045,13,1,52.8587,93.75,53.4827,843.75
774912d66,23,4,29.7215,6459.96,37.6454,11627.9
774912d66,23,4,16.9157,6459.96,24.8395,11627.9
774d13e9c,9,1,39.04,843.75,42.6027,5718.75
7764cbbfd,10,1,5.7121,947.461,8.156,10852.7
7765e82d3,13,1,58.3147,93.75,58.9387,843.75
7768c96f2,1,1,10.016,3843.75,10.912,5625.0
778ab401f,21,1,11.5573,3281.25,12.6507,4125.0
77a7a66fc,10,1,42.1616,947.461,44.6055,10852.7
77cf1b7e3,21,1,1.376,3281.25,2.4693,4125.0
77e82339a,7,1,46.9013,4687.5,50.0427,11437.5
77f2b9543,6,1,49.888,562.5,52.032,4406.25
784eb5d7f,21,1,55.8987,3281.25,56.992,4125.0
7859fda05,23,4,51.5251,6459.96,59.4489,11627.9
7878d8306,17,1,48.7253,1312.5,55.1787,3937.5
787c0db92,4,1,39.5733,2531.25,41.76,4031.25
7893b8f70,0,1,3.7013,5906.25,4.496,8250.0
78941c48b,17,1,52.88,1312.5,59.3333,3937.5
78f515b6f,7,1,32.1067,4687.5,35.248,11437.5
7925510fe,4,1,34.7307,2531.25,36.9173,4031.25
796ab9da1,15,1,39.312,93.75,42.656,1125.0
79b28cad5,4,1,57.7013,2343.75,59.5573,4218.75
79f38de91,23,1,21.0721,7235.16,27.1557,11283.4
79f7b3873,15,1,3.0453,93.75,6.3893,1125.0
7a396818c,21,1,48.72,3281.25,49.8133,4125.0
7a49b2465,12,1,35.0933,562.5,38.2293,3281.25
7a5789516,5,1,9.8667,4781.25,12.2187,10406.2
7a9d46229,22,1,15.5093,10687.5,17.1147,13687.5
7a9d46229,5,1,52.7627,4781.25,55.1147,10406.2
7ab084435,10,1,15.8186,947.461,18.2625,10852.7
7ad715d6d,19,1,41.552,281.25,43.104,2812.5
7ada8c4da,3,1,16.4267,1031.25,17.168,2812.5
7b287d190,20,1,44.8107,1312.5,50.192,6093.75
7b4ee85a5,1,1,37.4613,3843.75,38.3573,5625.0
7b79194b3,5,1,9.6,4781.25,11.952,10406.2
7c858b1f2,20,1,33.3707,1312.5,38.752,6093.75
7caaeb706,17,4,47.008,1406.25,49.616,3937.5
7cc6d509a,19,1,30.3947,281.25,31.9467,2812.5
7cd8ce712,20,1,24.7733,2343.75,28.2133,5718.75
7dec0f472,10,1,52.4365,947.461,54.8804,10852.7
7e0d06929,10,1,37.5409,947.461,39.9848,10852.7
7e370f1f3,14,1,46.064,2531.25,46.6507,5531.25
7ed4d3ca1,14,1,17.952,3750.0,18.224,6468.75
7f07486d1,23,1,32.4963,7235.16,38.58,11283.4
7f082c82d,8,1,29.36,3750.0,33.4827,5531.25
7f5f71e31,6,1,22.5013,562.5,24.5227,3187.5
7f6df469c,4,1,44.288,2531.25,46.4747,4031.25
7f737a9c4,13,1,43.0507,93.75,43.6747,843.75
7f8fab554,4,1,14.24,2343.75,16.096,4218.75
7f9246130,4,1,0.5173,2343.75,2.3733,4218.75
7f9b94a29,1,1,6.8427,3843.75,7.7387,5625.0
802907092,23,4,45.3486,6459.96,53.2724,11627.9
804fa03e1,15,1,53.7013,93.75,57.0453,1125.0
80590e499,21,1,7.4933,3281.25,8.5867,4125.0
807efd6bb,3,1,52.4427,1031.25,53.184,2812.5
8080b2283,13,1,52.1867,93.75,52.8107,843.75
80c09eb56,8,1,35.3333,3750.0,39.456,5531.25
818a1635a,21,1,13.9253,3281.25,15.0187,4125.0
819afd877,4,1,36.32,2343.75,38.176,4218.75
81b493ca3,4,1,2.656,2343.75,4.512,4218.75
81bcdeb06,20,1,36.8907,1312.5,42.272,6093.75
8253e1640,11,1,41.0819,1808.79,42.2197,5684.77
82a813386,21,1,2.1333,3281.25,3.2267,4125.0
82d59d24d,22,1,29.568,10687.5,31.1733,13687.5
82ff46226,23,4,15.9695,6459.96,23.8933,11627.9
83028db30,11,1,27.7595,1808.79,28.8972,5684.77
838227e71,7,1,11.152,4687.5,14.2933,11437.5
84aed0cf9,6,1,57.7013,562.5,59.8453,4406.25
84d2746ce,9,1,56.1813,1125.0,58.9867,5250.0
84fd342f8,12,1,13.0133,562.5,16.1493,3281.25
851c98ea8,18,1,52.8587,3187.5,53.552,5062.5
8531f27ff,7,1,54.912,4687.5,58.0533,11437.5
8574d9e81,14,1,27.872,2812.5,28.7947,4406.25
8593f9606,14,1,30.384,2531.25,30.9707,5531.25
85b891a48,7,1,9.6533,4687.5,12.7947,11437.5
85fd75b28,12,1,9.8453,562.5,12.9813,3281.25
868db1d19,23,4,21.0721,6459.96,28.9959,11627.9
86c44dd51,0,1,30.5653,5906.25,31.36,8250.0
871aff1b5,5,1,32.0053,4781.25,34.3573,10406.2
87b2981de,18,1,11.168,3187.5,11.8613,5062.5
87b64a134,19,1,34.048,281.25,35.6,2812.5
87bf9c992,19,1,46.3307,281.25,47.8827,2812.5
87db70dff,10,1,39.4507,947.461,41.8946,10852.7
87e518677,7,1,41.4933,4687.5,44.6347,11437.5
880652c2a,23,4,0.2728,6459.96,8.1966,11627.9
88186ba66,14,1,18.4373,2531.25,19.024,5531.25
88b5c9c1b,5,1,39.7493,4781.25,42.1013,10406.2
88f783ab9,6,1,8.0747,562.5,10.2187,4406.25
890abb1e3,23,1,34.9751,7235.16,41.0587,11283.4
891822ace,9,1,51.728,843.75,55.2907,5718.75
896080a53,12,1,1.728,562.5,4.864,3281.25
89898c3c9,8,1,38.9547,3750.0,43.0773,5531.25
89fe494b6,22,1,20.6187,10687.5,22.224,13687.5
8a0ee2e2c,8,1,4.7627,3750.0,8.8853,5531.25
8a59b5c31,5,1,30.1973,4781.25,32.5493,10406.2
8a63ca713,4,1,51.808,2531.25,53.9947,4031.25
8a99905ac,3,1,43.152,1031.25,43.8933,2812.5
8ad1a246f,13,1,27.1307,93.75,27.7547,843.75
8b237e9eb,3,1,20.0747,1031.25,20.816,2812.5
8b24f2f98,18,1,0.208,3187.5,0.9013,5062.5
8b68b817e,13,1,17.328,93.75,17.952,843.75
8c20115ce,15,1,17.7547,93.75,21.0987,1125.0
8c44ed2cf,10,1,56.6915,947.461,59.1354,10852.7
8dddf58e0,14,1,10.352,2812.5,11.2747,4406.25
8e0f816f1,4,1,42.848,2343.75,44.704,4218.75
8e2ff1226,2,1,2.144,468.75,3.92,3000.0
8e56d782f,16,4,47.104,3093.75,48.9387,4593.75
8eb0e591c,10,1,42.4635,947.461,44.9074,10852.7
8ec8b0275,11,1,1.2829,1808.79,2.4207,5684.77
8ee219910,6,1,42.56,562.5,44.704,4406.25
8ef1d1114,15,1,55.4293,93.75,58.7733,1125.0
8f0f2528a,21,1,7.392,3281.25,8.4853,4125.0
8f3d579c8,17,1,4.496,1312.5,10.9493,3937.5
8f821e1ef,13,1,17.7547,93.75,18.3787,843.75
8f8e4f3e2,22,1,12.1173,10687.5,13.7227,13687.5
8f942c9f5,6,1,20.2773,562.5,22.4213,4406.25
8fa859d45,9,1,15.9093,843.75,19.472,5718.75
8ffe19a69,8,1,55.2267,3750.0,59.3493,5531.25
908290ae2,21,1,11.6533,3281.25,12.7467,4125.0
90a1eac6d,21,1,11.488,3281.25,12.5813,4125.0
916eb2a00,22,1,0.6507,10687.5,2.256,13687.5
918ddce17,7,1,21.664,4687.5,24.8053,11437.5
9251fdbdd,16,4,7.0187,3093.75,8.8533,4593.75
9251fdbdd,16,4,38.592,3093.75,40.4267,4593.75
92588122c,17,4,2.7947,1406.25,5.4027,3937.5
929d655d3,3,1,52.56,1031.25,53.3013,2812.5
92ae9bcc2,10,1,24.9905,947.461,27.4344,10852.7
9316428b4,6,1,15.8507,562.5,17.872,3187.5
935e4c9b0,12,1,49.8667,562.5,53.0027,3281.25
9367e95cc,15,1,25.3227,93.75,28.6667,1125.0
9369b4be6,9,1,29.9413,843.75,33.504,5718.75
93e10b125,1,1,18.224,3843.75,19.12,5625.0
9425c4b01,12,1,51.3493,562.5,54.4853,3281.25
942ca05c0,16,4,46.0213,3093.75,47.856,4593.75
942ca05c0,16,4,0.464,3093.75,2.2987,4593.75
944edda33,2,1,43.7867,468.75,45.5627,3000.0
945c8d7a8,5,1,56.3947,4781.25,58.7467,10406.2
946390b26,10,1,13.7172,947.461,16.1611,10852.7
9496d86bf,0,1,40.5813,5906.25,41.872,7500.0
956aaf47c,23,1,23.1503,7235.16,29.2339,11283.4
958db1ebe,19,1,28.0213,281.25,29.5733,2812.5
960572cd4,7,1,5.9413,4687.5,9.0827,11437.5
96fc32e3d,23,4,37.6976,6459.96,45.6214,11627.9
97630c03d,0,1,11.8667,5906.25,13.1573,7500.0
983a13114,20,1,37.856,2343.75,41.296,5718.75
986405edb,8,1,36.6453,3750.0,40.768,5531.25
988e03248,10,1,37.2854,947.461,39.7293,10852.7
989b95591,18,1,55.4827,3187.5,56.176,5062.5
996546525,23,1,45.9639,7235.16,52.0475,11283.4
99f72cf18,11,1,35.5614,1808.79,36.6991,5684.77
9a76cab9c,17,1,17.8293,1312.5,24.2827,3937.5
9a76cab9c,17,1,1.7387,1312.5,8.192,3937.5
9a76cab9c,17,1,13.7813,1312.5,20.2347,3937.5
9a9951303,17,4,23.28,1406.25,25.888,3937.5
9abdbfc9f,12,1,18.6187,562.5,21.7547,3281.25
9afa17810,7,1,0.528,4687.5,3.6693,11437.5
9b92a698e,9,1,42.0693,843.75,45.632,5718.75
9bdc79a14,5,1,30.4907,4781.25,32.8427,10406.2
9c2286d0c,18,1,40.4267,3187.5,41.12,5062.5
9c8947073,0,1,25.7653,5906.25,27.056,7500.0
9c9aa37f5,6,1,3.9733,562.5,6.1173,4406.25
9ca91d4bc,13,1,36.1813,93.75,36.8053,843.75
9cb1f4a34,17,4,27.3653,1406.25,29.9733,3937.5
9cb6ae5e3,0,1,39.7173,5906.25,40.512,8250.0
9cccd9345,2,1,54.1973,468.75,55.9733,3000.0
9d1eee84d,4,1,28.768,2343.75,30.624,4218.75
9d293be93,12,1,52.7627,562.5,55.8987,3281.25
9d2bf51ce,21,1,54.4907,3281.25,55.584,4125.0
9d6de44f0,7,1,1.1787,4687.5,4.32,11437.5
9dad9aacc,23,1,21.5423,7235.16,27.6259,11283.4
9df5da644,16,4,47.1253,3093.75,48.96,4593.75
9e242fe66,16,4,30.96,3093.75,32.7947,4593.75
9e52cf6ad,21,1,29.5573,3281.25,30.6507,4125.0
9e5d5b03e,17,4,39.6853,1406.25,42.2933,3937.5
9ec0c64c0,6,1,54.48,562.5,56.5013,3187.5
9f10784cd,8,1,20.496,3750.0,24.6187,5531.25
9f8ebbfc3,15,1,23.776,93.75,27.12,1125.0
9f8fcb625,23,1,52.7673,7235.16,58.851,11283.4
9fbd7e1f6,13,1,51.9467,93.75,52.5707,843.75
a00373b12,13,1,11.9627,93.75,12.5867,843.75
a0af97b46,7,1,21.2853,4687.5,24.4267,11437.5
a0c662123,0,1,6.6347,5906.25,7.4293,8250.0
a1048dac6,15,1,15.6533,93.75,18.9973,1125.0
a17b9af5d,4,1,9.7387,2343.75,11.5947,4218.75
a1b1a5e31,3,1,5.6,1031.25,6.3413,2812.5
a1d96c821,18,1,50.32,3187.5,51.0133,5062.5
a1ef2a84f,21,1,47.7013,3281.25,48.7947,4125.0
a2045d15d,22,1,49.1093,10687.5,50.7147,13687.5
a212bf2e0,13,1,5.168,93.75,5.792,843.75
a2441a74b,17,4,22.9547,1312.5,25.488,7406.25
a2441a74b,17,4,10.0213,1312.5,12.5547,7406.25
a277651b1,4,1,41.4293,2343.75,43.2853,4218.75
a2a211fa8,19,1,17.7653,281.25,19.3173,2812.5
a2b073406,23,4,40.7684,6459.96,48.6922,11627.9
a3194950c,5,1,8.7947,4781.25,11.1467,10406.2
a38cadf2c,10,1,7.7613,947.461,10.2052,10852.7
a3d1e4f37,16,4,14.0107,3093.75,15.8453,4593.75
a4035e64b,14,1,7.104,3750.0,7.376,6468.75
a461f82cd,5,1,26.6133,4781.25,28.9653,10406.2
a4b2f4298,8,1,43.536,3750.0,47.6587,5531.25
a5034a8b3,4,1,39.5733,2531.25,41.76,4031.25
a54894b33,0,1,23.424,5906.25,24.2187,8250.0
a5b66a68d,0,1,13.5093,5906.25,14.304,8250.0
a5ceef07b,4,1,7.984,2343.75,9.84,4218.75
a5eface9a,1,1,37.7973,3843.75,38.6933,5625.0
a5f008080,6,1,18.3307,562.5,20.4747,4406.25
a64b357d4,20,1,50.7413,2343.75,54.1813,5718.75
a6610076b,20,1,35.0933,1312.5,40.4747,6093.75
a66546dfd,19,1,38.0373,281.25,39.5893,2812.5
a66d44311,6,1,41.8987,562.5,44.0427,4406.25
a691e3d90,9,1,39.952,843.75,43.5147,5718.75
a6b4dda07,21,1,1.7867,3281.25,2.88,4125.0
a6c887130,18,1,11.3547,3187.5,12.048,5062.5
a79847d38,13,1,50.464,93.75,51.088,843.75
a7ff51ac4,22,1,32.1173,10687.5,33.7227,13687.5
a82f931d1,9,1,8.6667,1125.0,11.472,5250.0
a8e6d4d75,21,1,35.7707,3281.25,36.864,4125.0
a90c80393,18,1,26.2773,3187.5,26.9707,5062.5
a92850ccd,2,1,53.744,468.75,55.52,3000.0
a9637eb5b,23,1,41.378,7235.16,47.4616,11283.4
a9868c3d1,21,1,7.0293,3281.25,8.1227,4125.0
a993402e2,23,4,40.5014,6459.96,48.4252,11627.9
a993402e2,23,4,31.9507,6459.96,39.8745,11627.9
aa7d3cfe0,10,1,6.2752,947.461,8.7191,10852.7
aacebff62,9,1,25.8933,843.75,29.456,5718.75
ab383c341,1,1,50.9067,3843.75,51.8027,5625.0
ab5e71344,19,1,31.4827,281.25,33.0347,2812.5
ab900ff48,6,1,40.32,562.5,42.464,4406.25
abbef468c,4,1,30.4853,2343.75,32.3413,4218.75
abd8cff8d,19,1,33.1467,281.25,34.6987,2812.5
abed3437e,0,1,16.544,5906.25,17.3387,8250.0
ac3da0b30,18,1,16.4213,3187.5,17.1147,5062.5
ac7721796,6,1,55.5733,562.5,57.5947,3187.5
acb80ff69,16,4,48.656,3093.75,50.4907,4593.75
acc030d72,20,1,22.544,1312.5,27.9253,6093.75
acff61b19,15,1,24.0213,93.75,27.3653,1125.0
addfd4f67,4,1,9.456,2343.75,11.312,4218.75
ae210f726,3,1,44.1333,1031.25,44.8747,2812.5
ae4a3b1e2,12,1,41.424,562.5,44.56,3281.25
ae4ed2b70,22,1,17.4827,10687.5,19.088,13687.5
ae521f781,7,1,39.888,4687.5,43.0293,11437.5
aebf55c7c,22,1,13.2053,10687.5,14.8107,13687.5
aecf3d8d2,17,4,48.032,1406.25,50.64,3937.5
aedfcfe60,3,1,11.1627,1031.25,11.904,2812.5
aef347a03,22,1,1.4347,10687.5,3.04,13687.5
aefd0f061,3,1,11.2373,1031.25,11.9787,2812.5
af0113159,14,1,36.1547,2812.5,37.0773,4406.25
af15de055,4,1,54.3467,2531.25,56.5333,4031.25
af1d7ef13,21,1,50.8533,3281.25,51.9467,4125.0
af22ae5ba,13,1,23.0027,93.75,23.6267,843.75
af36838f2,6,1,44.9387,562.5,47.0827,4406.25
af6a0d203,17,4,55.0507,1406.25,57.6587,3937.5
afa49cbeb,9,1,1.6213,843.75,5.184,5718.75
afaa8d38f,19,1,52.0053,281.25,53.5573,2812.5
b01abd3b2,9,1,32.9173,843.75,36.48,5718.75
b056e5bc2,6,1,4.688,562.5,6.832,4406.25
b056e5bc2,6,1,2.9333,562.5,4.9547,3187.5
b12e80061,2,1,18.848,468.75,20.624,3000.0
b1c09c89b,14,1,30.9493,3750.0,31.2213,6468.75
b1c97f28a,5,1,34.032,4781.25,36.384,10406.2
b1d18170a,14,1,59.0987,3750.0,59.3707,6468.75
b2338ed38,0,1,36.1013,5906.25,36.896,8250.0
b297fe7ef,7,1,51.1893,4687.5,54.3307,11437.5
b2ea74670,4,1,9.616,2343.75,11.472,4218.75
b2f3a6df5,23,1,13.0322,7235.16,19.1158,11283.4
b3f517843,22,1,39.0027,10687.5,40.608,13687.5
b4110d8aa,1,1,30.336,3843.75,31.232,5625.0
b41ae319b,6,1,4.5013,562.5,6.6453,4406.25
b441cf212,23,4,51.9546,6459.96,59.8785,11627.9
b45319264,12,1,25.28,562.5,28.416,3281.25
b4a3fb69c,17,4,54.992,1406.25,57.6,3937.5
b4df5aef8,8,1,17.3067,3750.0,21.4293,5531.25
b55d2f7b4,7,1,48.2133,4687.5,51.3547,11437.5
b55d2f7b4,23,1,48.3265,7235.16,54.4102,11283.4
b62292f65,21,1,34.9067,3281.25,36.0,4125.0
b62b5a988,2,1,50.096,468.75,51.872,3000.0
b62b5a988,2,1,36.8053,468.75,38.5813,3000.0
b65e327ee,11,1,22.146,1808.79,23.2838,5684.77
b661bd840,1,1,37.312,3843.75,38.208,5625.0
b6671af88,11,1,6.6525,1808.79,7.7903,5684.77
b68e70116,7,1,45.1093,4687.5,48.2507,11437.5
b6b2bb1cd,6,1,0.1173,562.5,2.2613,4406.25
b6ddaa9b4,4,1,11.84,2343.75,13.696,4218.75
b7485fa88,6,1,25.9787,562.5,28.1227,4406.25
b7485fa88,11,1,54.2302,1808.79,55.368,5684.77
b7a71d152,13,1,57.4773,93.75,58.1013,843.75
b7c63f218,13,1,6.0533,93.75,6.6773,843.75
b7e2ef23f,2,1,17.136,468.75,18.912,3000.0
b7fcfb502,12,1,56.2827,562.5,59.4187,3281.25
b80bfc8f2,17,4,8.5973,1406.25,11.2053,3937.5
b89bd05a1,14,1,44.432,2812.5,45.3547,4406.25
b8d1e4865,19,1,43.216,281.25,44.768,2812.5
b90d004b4,1,1,44.0533,3843.75,44.9493,5625.0
b95c42272,8,1,23.5093,3750.0,27.632,5531.25
b96574294,18,1,20.624,3187.5,21.3173,5062.5
b988da7d0,23,4,30.6271,6459.96,38.5509,11627.9
b9a6e6ce4,5,1,20.9333,4781.25,23.2853,10406.2
b9f3581d5,18,1,58.5333,3187.5,59.2267,5062.5
bac502597,0,1,36.0853,5906.25,36.88,8250.0
bae8eb497,21,1,7.7973,3281.25,8.8907,4125.0
bb00d418c,4,1,15.5733,2343.75,17.4293,4218.75
bb4fd3041,11,1,43.4736,1808.79,44.6113,5684.77
bb854bd6e,19,1,36.4853,281.25,38.0373,2812.5
bbd6815be,1,1,38.7307,3843.75,39.6267,5625.0
bbd784551,13,1,45.3973,93.75,46.0213,843.75
bbd9ac366,18,1,55.92,3187.5,56.6133,5062.5
bc18e6dba,21,1,5.1253,3281.25,6.2187,4125.0
bc32d8c84,20,1,18.288,1312.5,23.6693,6093.75
bc9dd660e,16,4,38.688,3093.75,40.5227,4593.75
bc9dd660e,16,4,22.768,3093.75,24.6027,4593.75
bcd686baf,7,1,17.7387,4687.5,20.88,11437.5
bd62d4fa2,23,4,16.0566,6459.96,23.9804,11627.9
bd62d4fa2,23,4,8.185,6459.96,16.1088,11627.9
bd97b0335,11,1,9.822,1808.79,10.9598,5684.77
bda762977,17,1,5.8293,1312.5,12.2827,3937.5
bdacd5cd2,20,1,22.3467,1312.5,27.728,6093.75
bdc8dd456,13,1,14.2773,93.75,14.9013,843.75
bdd4aa62c,17,1,43.7227,1312.5,50.176,3937.5
be0356cf5,5,1,35.9893,4781.25,38.3413,10406.2
be6a8ad0d,3,1,33.8933,1031.25,34.6347,2812.5
bea3bcffa,8,1,29.2533,3750.0,33.376,5531.25
bf58cd236,8,1,13.392,3750.0,17.5147,5531.25
bf6aa9579,3,1,47.7653,1031.25,48.5067,2812.5
bf964d1fa,1,1,18.128,3843.75,19.024,5625.0
bf964d1fa,16,4,56.0533,3093.75,57.888,4593.75
bf9f90405,2,1,7.7067,468.75,9.4827,3000.0
bfacbc575,13,1,14.752,93.75,15.376,843.75
bffdcd085,22,1,10.8693,10687.5,12.4747,13687.5
c0786babe,0,1,7.8187,5906.25,8.6133,8250.0
c12e0a62b,9,1,14.9653,1125.0,17.7707,5250.0
c12e0a62b,17,1,1.5467,1312.5,8.0,3937.5
c12e0a62b,17,1,11.92,1312.5,18.3733,3937.5
c12e0a62b,3,1,21.568,1031.25,22.3093,2812.5
c12e0a62b,17,1,23.488,1312.5,29.9413,3937.5
c13f3ab95,18,1,11.7973,3187.5,12.4907,5062.5
c15840ebf,3,1,53.616,1031.25,54.3573,2812.5
c16b7270b,14,1,58.352,3750.0,58.624,6468.75
c182aef8c,1,1,8.2507,3843.75,9.1467,5625.0
c2143392b,2,1,48.1867,468.75,49.9627,3000.0
c220f5fec,12,1,23.2747,562.5,26.4107,3281.25
c245b2295,9,1,50.3573,843.75,53.92,5718.75
c271bc1ea,14,1,25.664,2812.5,26.5867,4406.25
c350c0f9f,2,1,49.2107,468.75,50.9867,3000.0
c3662d871,13,1,12.9387,93.75,13.5627,843.75
c3843eb33,0,1,56.2933,5906.25,57.088,8250.0
c39b2fcd3,14,1,29.2053,2812.5,30.128,4406.25
c3ed6269b,2,1,48.672,468.75,50.448,3000.0
c4a74dcf1,2,1,51.9413,468.75,53.7173,3000.0
c4b778e64,11,1,28.4967,1808.79,29.6345,5684.77
c4ec1e7de,12,1,56.1067,562.5,59.2427,3281.25
c5503ce7b,3,1,7.472,1031.25,8.2133,2812.5
c569b8181,5,1,24.0373,4781.25,26.3893,10406.2
c5758ce2f,11,1,48.46,1808.79,49.5978,5684.77
c5d61be80,4,1,26.9173,2343.75,28.7733,4218.75
c68fb36e7,7,1,15.9253,4687.5,19.0667,11437.5
c6a2c0e7c,22,1,21.2107,10687.5,22.816,13687.5
c6e411c90,19,1,55.7653,281.25,57.3173,2812.5
c72082616,5,1,19.792,4781.25,22.144,10406.2
c72150f3c,11,1,47.9898,1808.79,49.1276,5684.77
c721d69de,19,1,0.6507,281.25,2.2027,2812.5
c75f2655f,6,1,4.784,562.5,6.928,4406.25
c7677947e,17,4,19.0187,1406.25,21.6267,3937.5
c7918c0f8,22,1,38.7413,10687.5,40.3467,13687.5
c84943395,1,1,14.992,3843.75,15.888,5625.0
c867bdc27,23,1,2.2407,7235.16,8.3244,11283.4
c892aa78d,14,1,16.1333,3750.0,16.4053,6468.75
c8bed66bb,10,1,46.8172,947.461,49.2611,10852.7
c91cae4aa,23,4,23.4115,6459.96,31.3353,11627.9
c91cae4aa,3,1,33.344,1031.25,34.0853,2812.5
c96b0c428,1,1,11.9787,3843.75,12.8747,5625.0
c9899ee73,13,1,0.5653,93.75,1.1893,843.75
c9bd1f599,23,1,0.4354,7235.16,6.519,11283.4
c9dd4934b,19,1,29.376,281.25,30.928,2812.5
c9df2fecf,11,1,53.0576,1808.79,54.1954,5684.77
c9fc89429,14,1,39.3493,3750.0,39.6213,6468.75
ca5018f35,11,1,17.3163,1808.79,18.4541,5684.77
ca99623ca,10,1,13.0032,947.461,15.4471,10852.7
cb10cd9d9,13,1,9.9147,93.75,10.5387,843.75
cb5ddad47,17,1,17.888,1312.5,24.3413,3937.5
cb5ddad47,17,1,25.7867,1312.5,32.24,3937.5
cb5ddad47,17,1,21.7813,1312.5,28.2347,3937.5
cbc07e2ec,12,1,55.584,562.5,58.72,3281.25
cc05ecd08,18,1,0.6667,3187.5,1.36,5062.5
cc2c48fd7,3,1,20.2347,1031.25,20.976,2812.5
cc7c17269,20,1,29.552,1312.5,34.9333,6093.75
cc8d81b6a,21,1,20.9973,3281.25,22.0907,4125.0
ccd0a0bff,12,1,4.784,562.5,7.92,3281.25
ccda58237,7,1,54.1707,4687.5,57.312,11437.5
ccee900dd,20,1,55.232,2343.75,58.672,5718.75
ccee900dd,20,1,25.4933,2343.75,28.9333,5718.75
cd1d48eec,15,1,10.5493,93.75,13.8933,1125.0
cdbca5fb8,22,1,17.184,10687.5,18.7893,13687.5
cde5fd6be,22,1,42.672,10687.5,44.2773,13687.5
ce05b264d,7,1,49.936,4687.5,53.0773,11437.5
ce8270c7b,12,1,21.264,562.5,24.4,3281.25
cea56c949,5,1,14.0587,4781.25,16.4107,10406.2
cf44264e5,20,1,50.4587,2343.75,53.8987,5718.75
cf568dfc0,16,4,29.4773,3093.75,31.312,4593.75
cf6bd44d9,1,1,23.4453,3843.75,24.3413,5625.0
cf739c61d,10,1,57.4694,947.461,59.9133,10852.7
cf7af9895,10,1,56.4245,947.461,58.8684,10852.7
cf867adcc,3,1,11.7173,1031.25,12.4587,2812.5
cf8fbc4f1,5,1,56.1227,4781.25,58.4747,10406.2
cfa0614e0,0,1,49.28,5906.25,50.5707,7500.0
cfdd68da2,19,1,7.744,281.25,9.296,2812.5
d09dc9dd5,23,4,31.4398,6459.96,39.3636,11627.9
d1229a222,22,1,49.4507,10687.5,51.056,13687.5
d1477bf79,7,1,5.2107,4687.5,8.352,11437.5
d14c92027,5,1,3.0827,5062.5,6.192,11250.0
d15af7840,19,1,37.4987,281.25,39.0507,2812.5
d1607e9b2,22,1,53.3333,10687.5,54.9387,13687.5
d169ed0b5,17,4,18.4427,1312.5,20.976,7406.25
d1debe396,6,1,25.264,562.5,27.408,4406.25
d22169f4e,11,1,7.1866,1808.79,8.3244,5684.77
d291fab38,17,4,6.9387,1406.25,9.5467,3937.5
d29f0ca6d,4,1,33.344,2531.25,35.5307,4031.25
d2cb96229,2,1,22.224,468.75,24.0,3000.0
d2cb96229,2,1,23.8507,468.75,25.6267,3000.0
d3020850e,14,1,40.5387,2531.25,41.1253,5531.25
d3195bece,10,1,38.0459,947.461,40.4898,10852.7
d32242280,23,1,44.6868,7235.16,50.7704,11283.4
d3324f1c0,21,1,24.9973,3281.25,26.0907,4125.0
d35473d24,11,1,42.1965,1808.79,43.3342,5684.77
d3713ed31,4,1,56.6133,2343.75,58.4693,4218.75
d49a94504,0,1,1.2853,5906.25,2.08,8250.0
d4a03bf19,12,1,29.3547,562.5,32.4907,3281.25
d4bb34753,8,1,53.7013,3750.0,57.824,5531.25
d5163b4ef,10,1,5.5554,947.461,7.9993,10852.7
d53f58786,14,1,3.728,2531.25,4.3147,5531.25
d58429096,15,1,43.5627,93.75,46.9067,1125.0
d58429096,7,1,3.776,4687.5,6.9173,11437.5
d5992de83,23,4,6.3274,6459.96,14.2512,11627.9
d5997789c,23,1,1.9215,7235.16,8.0051,11283.4
d59d099b3,17,1,32.9973,1312.5,39.4507,3937.5
d59d099b3,17,1,37.0933,1312.5,43.5467,3937.5
d59d099b3,17,1,41.088,1312.5,47.5413,3937.5
d59d099b3,17,4,36.0267,1406.25,38.6347,3937.5
d5c4f55f4,14,1,34.7947,2812.5,35.7173,4406.25
d60157507,20,1,20.4427,1312.5,25.824,6093.75
d635637b7,5,1,20.5067,4781.25,22.8587,10406.2
d63d04076,13,1,0.448,93.75,1.072,843.75
d63f467b6,15,1,55.6693,93.75,59.0133,1125.0
d66a5f57b,13,1,41.904,93.75,42.528,843.75
d6c75de73,2,1,41.9093,468.75,43.6853,3000.0
d7068ae10,1,1,26.7467,3843.75,27.6427,5625.0
d73ffbc1e,18,1,26.432,3187.5,27.1253,5062.5
d7a655c45,20,1,16.9173,2343.75,20.3573,5718.75
d7cf29809,3,1,40.88,1031.25,41.6213,2812.5
d7d49c913,5,1,46.9707,4781.25,49.3227,10406.2
d80fab44f,20,1,50.992,2343.75,54.432,5718.75
d80fab44f,20,1,55.4933,2343.75,58.9333,5718.75
d817ed6ad,5,1,4.352,4781.25,6.704,10406.2
d82a81c98,3,1,34.656,1031.25,35.3973,2812.5
d82d5792e,15,1,46.8053,93.75,50.1493,1125.0
d86155abb,1,1,5.1787,3843.75,6.0747,5625.0
d8b7f9ed6,23,4,34.0753,6459.96,41.9991,11627.9
d91f25ca7,23,1,16.9854,7235.16,23.069,11283.4
d922d82e9,12,1,21.7547,562.5,24.8907,3281.25
d93aaa1bc,18,1,3.0987,3187.5,3.792,5062.5
d96242159,13,1,51.8187,93.75,52.4427,843.75
d9a1b1ea9,1,1,38.592,3843.75,39.488,5625.0
d9bfc9e6b,0,1,56.816,5906.25,57.6107,8250.0
da0d07110,8,1,1.4027,3750.0,5.5253,5531.25
da329b0a5,14,1,52.0907,2812.5,53.0133,4406.25
da708c386,12,1,26.7147,562.5,29.8507,3281.25
da956248e,20,1,45.5893,1312.5,50.9707,6093.75
daa57db65,2,1,54.72,468.75,56.496,3000.0
dabd22b08,14,1,28.4,2812.5,29.3227,4406.25
dabddc8ab,11,1,10.4316,1808.79,11.5693,5684.77
dac0c6cb8,13,1,21.8133,93.75,22.4373,843.75
dac7a83a3,10,1,41.3489,947.461,43.7928,10852.7
dacda707f,23,1,3.2798,7235.16,9.3635,11283.4
db13dd765,4,1,22.816,2343.75,24.672,4218.75
db34c4a5d,10,1,27.9917,947.461,30.4356,10852.7
db3cdbf35,3,1,50.704,1031.25,51.4453,2812.5
db7d1bf42,23,1,51.2639,7235.16,57.3475,11283.4
db86f881b,21,1,20.976,3281.25,22.0693,4125.0
db9673439,20,1,21.824,2343.75,25.264,5718.75
dbd243625,15,1,9.6587,93.75,13.0027,1125.0
dbfb5f469,1,1,3.12,3843.75,4.016,5625.0
dca449f04,7,1,13.7067,4687.5,16.848,11437.5
dcc4d4531,16,4,31.2373,3093.75,33.072,4593.75
dcf4ecca1,6,1,27.6373,562.5,29.7813,4406.25
dd0830c83,1,1,4.288,3843.75,5.184,5625.0
dd37a8e14,15,1,37.8453,93.75,41.1893,1125.0
dd38bef4b,23,4,22.6917,6459.96,30.6155,11627.9
dd38bef4b,23,1,23.6147,7235.16,29.6983,11283.4
dd46cb7e9,21,1,50.144,3281.25,51.2373,4125.0
dd9c51f59,15,1,52.8373,93.75,56.1813,1125.0
de3737c21,22,1,54.4,10687.5,56.0053,13687.5
de80fb815,14,1,58.3573,2531.25,58.944,5531.25
dee541308,9,1,38.5973,1125.0,41.4027,5250.0
dfa6a4a64,10,1,9.8162,947.461,12.2601,10852.7
dfa80535f,10,1,7.6162,947.461,10.06,10852.7
dffd8ea5f,5,1,45.008,4781.25,47.36,10406.2
e00019499,20,1,33.1947,1312.5,38.576,6093.75
e005ce0f5,1,1,1.7813,3843.75,2.6773,5625.0
e03896110,8,1,32.7893,3750.0,36.912,5531.25
e0e8ceb33,18,1,34.7093,3187.5,35.4027,5062.5
e1582bf8b,11,1,56.6451,1808.79,57.7829,5684.77
e1a046050,14,1,39.5253,2812.5,40.448,4406.25
e1c5ad99b,23,1,46.6083,7235.16,52.6919,11283.4
e1ef18eee,6,1,47.3653,562.5,49.5093,4406.25
e22487d26,10,1,22.6685,947.461,25.1124,10852.7
e23e84994,19,1,56.656,281.25,58.208,2812.5
e25933b0a,0,1,17.632,5906.25,18.4267,8250.0
e2ce1658e,6,1,34.7307,562.5,36.8747,4406.25
e2de15b96,15,1,32.8747,93.75,36.2187,1125.0
e383713d9,23,4,0.0348,6459.96,7.9586,11627.9
e393a4c21,23,1,49.5746,7235.16,55.6582,11283.4
e42155880,18,1,13.056,3187.5,13.7493,5062.5
e42215aa0,4,1,1.392,2343.75,3.248,4218.75
e42215aa0,23,4,4.3712,6459.96,12.295,11627.9
e42afc0bd,16,4,58.0853,3093.75,59.92,4593.75
e4e8c501e,10,1,4.139,947.461,6.5829,10852.7
e5625ee50,11,1,52.094,1808.79,53.2317,5684.77
e569702d8,12,1,3.712,562.5,6.848,3281.25
e574b09d3,5,1,21.2,4781.25,23.552,10406.2
e585e1acb,5,1,43.8827,4781.25,46.2347,10406.2
e5d1f4efc,1,1,23.328,3843.75,24.224,5625.0
e65e42310,21,1,36.9173,3281.25,38.0107,4125.0
e6622a3c9,4,1,30.4213,2343.75,32.2773,4218.75
e666beee8,9,1,44.0853,1125.0,46.8907,5250.0
e6af91bbf,12,1,1.5573,562.5,4.6933,3281.25
e6de52902,16,4,22.2987,3093.75,24.1333,4593.75
e6de52902,16,4,40.48,3093.75,42.3147,4593.75
e71d72805,19,1,50.224,281.25,51.776,2812.5
e734a1cde,20,1,36.6347,1312.5,42.016,6093.75
e755e15ec,1,1,13.1093,3843.75,14.0053,5625.0
e7847849b,4,1,0.0267,2343.75,1.8827,4218.75
e7a81dc55,18,1,46.9227,3187.5,47.616,5062.5
e7bc335fa,3,1,6.4907,1031.25,7.232,2812.5
e7de0a728,5,1,23.008,4781.25,25.36,10406.2
e7dfc5c5f,22,1,38.048,10687.5,39.6533,13687.5
e80890ff7,23,4,21.8848,6459.96,29.8086,11627.9
e8b209030,14,1,4.1493,2531.25,4.736,5531.25
e9255d07c,22,1,17.0987,10687.5,18.704,13687.5
e9622376a,16,4,30.5707,3093.75,32.4053,4593.75
e97de3f6d,14,1,56.6933,3750.0,56.9653,6468.75
e9bab320a,15,1,5.4773,93.75,8.8213,1125.0
e9eb6d4dd,18,1,0.9547,3187.5,1.648,5062.5
e9fa364b7,0,1,24.8853,5906.25,25.68,8250.0
ea133d03e,19,1,54.0,281.25,55.552,2812.5
ea71a1a7d,12,1,41.7333,562.5,44.8693,3281.25
ea7aa9e69,8,1,37.664,3750.0,41.7867,5531.25
ea7da0899,7,1,18.1973,4687.5,21.3387,11437.5
ea961733c,13,1,48.6987,93.75,49.3227,843.75
eac4c4220,1,1,3.216,3843.75,4.112,5625.0
eaf5cf482,8,1,49.9413,3750.0,54.064,5531.25
eb0cd97da,6,1,22.1013,562.5,24.1227,3187.5
eb3145e54,5,1,55.3227,4781.25,57.6747,10406.2
ebdd7c181,8,1,47.84,3750.0,51.9627,5531.25
ec1255787,4,1,29.936,2343.75,31.792,4218.75
ec1c4a754,10,1,33.3381,947.461,35.782,10852.7
ec24a4d07,18,1,15.696,3187.5,16.3893,5062.5
ec3a54dc6,14,1,38.7467,2531.25,39.3333,5531.25
ec63de3ab,5,1,56.8213,4781.25,59.1733,10406.2
ecd47f7cc,23,1,17.1886,7235.16,23.2722,11283.4
ed10a157a,23,1,38.7019,7235.16,44.7855,11283.4
ed2ae7025,18,1,58.1333,3187.5,58.8267,5062.5
ed2f84e75,23,4,24.7815,6459.96,32.7053,11627.9
ed2f84e75,22,1,19.888,10687.5,21.4933,13687.5
ed2f84e75,5,1,19.6107,4781.25,21.9627,10406.2
ed36faac8,4,1,23.7013,2343.75,25.5573,4218.75
ed38c48b8,2,1,39.6853,468.75,41.4613,3000.0
edd3b27d6,14,1,36.3413,2812.5,37.264,4406.25
edf598655,6,1,47.376,562.5,49.52,4406.25
ee3dc0bc6,17,1,42.8533,1312.5,49.3067,3937.5
ee3dc0bc6,17,1,47.072,1312.5,53.5253,3937.5
ee3eab224,23,1,3.9822,7235.16,10.0659,11283.4
ee80e2415,3,1,55.0827,1031.25,55.824,2812.5
eeb9a3c4b,13,1,51.9787,93.75,52.6027,843.75
eee00469a,11,1,14.2164,1808.79,15.3542,5684.77
ef10f60bf,8,1,44.2667,3750.0,48.3893,5531.25
ef3647390,12,1,26.352,562.5,29.488,3281.25
efb6a2e01,11,1,51.9837,1808.79,53.1215,5684.77
efbfe6b39,14,1,23.232,2812.5,24.1547,4406.25
f152e26e3,8,1,51.2533,3750.0,55.376,5531.25
f1aa1c855,22,1,5.2907,10687.5,6.896,13687.5
f1cc7d0a4,12,1,0.9867,562.5,4.1227,3281.25
f2493eda1,8,1,16.544,3750.0,20.6667,5531.25
f2890653e,11,1,19.2145,1808.79,20.3523,5684.77
f2c52223a,4,1,6.4853,2343.75,8.3413,4218.75
f2d7b8ed8,4,1,52.7627,2531.25,54.9493,4031.25
f33a1793f,16,4,8.3147,3093.75,10.1493,4593.75
f3b84afb1,21,1,23.0293,3281.25,24.1227,4125.0
f3cb40395,23,1,48.3439,7235.16,54.4276,11283.4
f3f82b897,19,1,53.7227,281.25,55.2747,2812.5
f3f82b897,19,1,51.7013,281.25,53.2533,2812.5
f4d05c0de,5,1,42.08,4781.25,44.432,10406.2
f51c0da28,7,1,47.056,4687.5,50.1973,11437.5
f543f0d31,11,1,24.3868,1808.79,25.5245,5684.77
f55ce9e53,8,1,1.5893,3750.0,5.712,5531.25
f5889157c,16,4,53.04,3093.75,54.8747,4593.75
f5c3420f6,10,1,28.0033,947.461,30.4472,10852.7
f5e6456f0,0,1,41.6693,5906.25,42.464,8250.0
f6e41b038,7,1,9.056,4687.5,12.1973,11437.5
f702f163c,14,1,20.688,3750.0,20.96,6468.75
f7466aeeb,9,1,34.352,843.75,37.9147,5718.75
f7d3b0080,10,1,43.0904,947.461,45.5343,10852.7
f7d92975f,23,1,28.5141,7235.16,34.5977,11283.4
f84b8c8d3,23,4,1.1958,6459.96,9.1196,11627.9
f851b9605,9,1,51.7493,843.75,55.312,5718.75
f87ef432d,5,1,17.5413,4781.25,19.8933,10406.2
f8c661973,16,4,18.2347,3093.75,20.0693,4593.75
f97ababc1,15,1,10.8853,93.75,14.2293,1125.0
f97ababc1,15,1,9.12,93.75,12.464,1125.0
f9e724b46,22,1,16.0693,10687.5,17.6747,13687.5
fa0eee1e4,8,1,39.0347,3750.0,43.1573,5531.25
fa9353c0a,23,1,44.4662,7235.16,50.5498,11283.4
fb02b0607,21,1,36.4427,3281.25,37.536,4125.0
fb3725395,14,1,54.1227,2812.5,55.0453,4406.25
fb5371e7b,23,1,50.1667,7235.16,56.2503,11283.4
fba69b00a,21,1,36.5653,3281.25,37.6587,4125.0
fbb31daeb,11,1,52.7615,1808.79,53.8993,5684.77
fbd5bbb6e,23,4,45.099,6459.96,53.0228,11627.9
fc47cfba3,0,1,13.952,5906.25,15.2427,7500.0
fc6609050,0,1,42.9973,5906.25,43.792,8250.0
fc6c3b488,21,1,42.3467,3281.25,43.44,4125.0
fd1970634,2,1,55.4987,468.75,57.2747,3000.0
fd3f0d49b,6,1,39.8507,562.5,41.9947,4406.25
fd6a520d8,8,1,6.8213,3750.0,10.944,5531.25
fd7cc65e1,5,1,57.5307,4781.25,59.8827,10406.2
fdda158ed,12,1,42.848,562.5,45.984,3281.25
fe8ce67c3,20,1,50.8213,1312.5,56.2027,6093.75
fe8d9ac40,13,1,53.472,93.75,54.096,843.75
fea6b438a,4,1,43.5787,2531.25,45.7653,4031.25
ff2eb9ce5,0,1,15.2267,5906.25,16.0213,8250.0
ffb8d8391,5,1,14.3467,4781.25,16.6987,10406.2
ffb9a7b9a,18,1,40.32,3187.5,41.0133,5062.5
